{"cameraMode":{"drawMode":0,"name":"Shaded","section":"Shading Mode"},"sceneLighting":false,"audioPlay":false,"sceneViewState":{"m_AlwaysRefresh":false,"showFog":true,"showSkybox":false,"showFlares":true,"showImageEffects":true,"showParticleSystems":true,"showVisualEffectGraphs":true,"m_FxEnabled":true},"in2DMode":false,"pivot":{"x":0.22208337485790254,"y":-0.33120042085647585,"z":5.066258430480957},"rotation":{"x":-0.27348312735557558,"y":-0.31906065344810488,"z":0.09671143442392349,"w":-0.9022502899169922},"size":1.1785410642623902,"orthographic":false}