{"cameraMode":{"drawMode":0,"name":"Shaded","section":"Shading Mode"},"sceneLighting":true,"audioPlay":false,"sceneViewState":{"m_AlwaysRefresh":false,"showFog":true,"showSkybox":true,"showFlares":true,"showImageEffects":true,"showParticleSystems":true,"showVisualEffectGraphs":true,"m_FxEnabled":true},"in2DMode":false,"pivot":{"x":-2.058854579925537,"y":9.240931510925293,"z":-25.663753509521486},"rotation":{"x":0.08532595634460449,"y":0.03137996047735214,"z":-0.002688688924536109,"w":0.9958559274673462},"size":29.14772605895996,"orthographic":true}